<?xml version="1.0" encoding="UTF-8"?>
<project-private xmlns="http://www.netbeans.org/ns/project-private/1">
    <editor-bookmarks xmlns="http://www.netbeans.org/ns/editor-bookmarks/2" lastBookmarkId="0"/>
    <open-files xmlns="http://www.netbeans.org/ns/projectui-open-files/2">
        <group>
            <file>file:/D:/DESENVOLVIMENTO%20DE%20SISTEMAS/Gabi/ClinicaVeterinaria/ClinicaVeterinaria/src/clinicaveterinaria/Form/TelaCadastroVeterinarios.java</file>
            <file>file:/D:/DESENVOLVIMENTO%20DE%20SISTEMAS/Gabi/ClinicaVeterinaria/ClinicaVeterinaria/src/clinicaveterinaria/Form/FormVeterinario.java</file>
            <file>file:/D:/DESENVOLVIMENTO%20DE%20SISTEMAS/Gabi/ClinicaVeterinaria/ClinicaVeterinaria/src/clinicaveterinaria/Form/TelaCadastroPet.java</file>
            <file>file:/D:/DESENVOLVIMENTO%20DE%20SISTEMAS/Gabi/ClinicaVeterinaria/ClinicaVeterinaria/src/clinicaveterinaria/Dao/VeterinarioDao.java</file>
            <file>file:/D:/DESENVOLVIMENTO%20DE%20SISTEMAS/Gabi/ClinicaVeterinaria/ClinicaVeterinaria/src/clinicaveterinaria/Form/TelaCadastroCliente.java</file>
        </group>
    </open-files>
</project-private>
